,cross_val_dict,accuracy_dict,feature_importance_values,best_estimators
"Voting Classifier Soft tuned ['pclass', 'parch', 'fare_per_person', 'deck_encoded', 'age_group_encoded', 'title_categorical_encoded', 'sex_encoded', 'fare_per_person_binned', 'fare', 'fare_per_person_scaled']",0.902376910016978,0.7862595419847328,,
"Voting Classifier Soft tuned ['pclass', 'sibsp', 'parch', 'family_size', 'fare_per_person', 'is_alone', 'deck_encoded', 'age_group_encoded', 'title_categorical_encoded', 'sex_encoded', 'embarked_encoded', 'deck_encoded_no_missing', 'multiple_cabins', 'fare_per_person_binned', 'fare', 'fare_per_person_scaled']",0.8964346349745331,0.7938931297709924,,
"Voting Classifier Soft tuned ['pclass', 'sibsp', 'parch', 'fare_per_person', 'deck_encoded', 'age_group_encoded', 'sex_encoded', 'embarked_encoded', 'fare_per_person_binned', 'fare', 'fare_per_person_scaled']",0.8887945670628183,0.7862595419847328,,
"Voting Classifier Soft tuned ['sex_encoded', 'pclass', 'deck_encoded', 'title_categorical_encoded', 'multiple_cabins', 'family_size', 'sibsp', 'parch', 'fare_per_person', 'fare']",0.8879456706281834,0.7709923664122137,,
"Voting Classifier Soft tuned ['pclass', 'sibsp', 'parch', 'family_size', 'fare_per_person', 'is_alone', 'age_group_encoded', 'title_categorical_encoded', 'sex_encoded', 'fare', 'fare_per_person_scaled']",0.8837011884550084,0.7786259541984732,,
"Voting Classifier Soft tuned ['pclass', 'family_size', 'deck_encoded', 'age_group_encoded', 'title_categorical_encoded', 'sex_encoded', 'fare', 'fare_per_person_scaled']",0.8828522920203735,0.8091603053435115,,
"Voting Classifier Soft tuned ['pclass', 'parch', 'family_size', 'is_alone', 'age_group_encoded', 'title_categorical_encoded', 'sex_encoded', 'fare', 'fare_per_person_scaled']",0.8803056027164686,0.7862595419847328,,
"Voting Classifier Soft tuned ['sex_encoded', 'pclass', 'deck_encoded', 'title_categorical_encoded', 'multiple_cabins', 'family_size', 'sibsp', 'parch', 'fare_per_person']",0.8794567062818336,0.7862595419847328,,
"Voting Classifier Soft tuned ['family_size', 'fare_per_person', 'is_alone', 'age_group_encoded', 'sex_encoded', 'embarked_encoded', 'fare_per_person_scaled']",0.8752122241086587,0.7786259541984732,,
"Voting Classifier Soft tuned ['pclass', 'fare_per_person', 'title_categorical_encoded', 'sex_encoded', 'embarked_encoded']",0.8718166383701188,0.7557251908396947,,
"Voting Classifier Hard tuned ['pclass', 'parch', 'fare_per_person', 'deck_encoded', 'age_group_encoded', 'title_categorical_encoded', 'sex_encoded', 'fare_per_person_binned', 'fare', 'fare_per_person_scaled']",0.865874363327674,0.7938931297709924,,
"Voting Classifier Hard tuned ['sex_encoded', 'pclass', 'deck_encoded', 'title_categorical_encoded', 'multiple_cabins', 'family_size', 'sibsp', 'parch', 'fare_per_person', 'fare']",0.8641765704584041,0.7633587786259542,,
"Voting Classifier Hard tuned ['pclass', 'sibsp', 'parch', 'fare_per_person', 'deck_encoded', 'age_group_encoded', 'sex_encoded', 'embarked_encoded', 'fare_per_person_binned', 'fare', 'fare_per_person_scaled']",0.8624787775891342,0.7633587786259542,,
"Voting Classifier Soft tuned ['sibsp', 'family_size', 'is_alone', 'deck_encoded', 'age_group_encoded', 'title_categorical_encoded', 'multiple_cabins', 'fare_per_person_binned']",0.8607809847198642,0.7786259541984732,,
"Voting Classifier Hard tuned ['pclass', 'sibsp', 'parch', 'family_size', 'fare_per_person', 'is_alone', 'deck_encoded', 'age_group_encoded', 'title_categorical_encoded', 'sex_encoded', 'embarked_encoded', 'deck_encoded_no_missing', 'multiple_cabins', 'fare_per_person_binned', 'fare', 'fare_per_person_scaled']",0.8599320882852292,0.7709923664122137,,
"Voting Classifier Soft tuned ['pclass', 'parch', 'family_size', 'is_alone', 'age_group_encoded', 'sex_encoded', 'embarked_encoded', 'fare_per_person_binned']",0.8582342954159593,0.7862595419847328,,
"Voting Classifier Hard tuned ['pclass', 'family_size', 'deck_encoded', 'age_group_encoded', 'title_categorical_encoded', 'sex_encoded', 'fare', 'fare_per_person_scaled']",0.8514431239388794,0.7709923664122137,,
"Voting Classifier Hard tuned ['pclass', 'sibsp', 'parch', 'family_size', 'fare_per_person', 'is_alone', 'age_group_encoded', 'title_categorical_encoded', 'sex_encoded', 'fare', 'fare_per_person_scaled']",0.8480475382003395,0.7862595419847328,,
"Voting Classifier Hard tuned ['sex_encoded', 'pclass', 'deck_encoded', 'title_categorical_encoded', 'multiple_cabins', 'family_size', 'sibsp', 'parch', 'fare_per_person']",0.8480475382003395,0.7786259541984732,,
"Voting Classifier Hard tuned ['family_size', 'fare_per_person', 'is_alone', 'age_group_encoded', 'sex_encoded', 'embarked_encoded', 'fare_per_person_scaled']",0.8455008488964346,0.7862595419847328,,
"Voting Classifier Hard tuned ['pclass', 'fare_per_person', 'title_categorical_encoded', 'sex_encoded', 'embarked_encoded']",0.8429541595925297,0.7480916030534351,,
"Voting Classifier Hard tuned ['pclass', 'parch', 'family_size', 'is_alone', 'age_group_encoded', 'sex_encoded', 'embarked_encoded', 'fare_per_person_binned']",0.8429541595925297,0.7786259541984732,,
"Voting Classifier Hard tuned ['pclass', 'parch', 'family_size', 'is_alone', 'age_group_encoded', 'title_categorical_encoded', 'sex_encoded', 'fare', 'fare_per_person_scaled']",0.8404074702886248,0.7938931297709924,,
"Voting Classifier Hard tuned ['sibsp', 'family_size', 'is_alone', 'deck_encoded', 'age_group_encoded', 'title_categorical_encoded', 'multiple_cabins', 'fare_per_person_binned']",0.8395585738539898,0.7633587786259542,,
"Voting Classifier Soft tuned ['family_size', 'is_alone', 'deck_encoded', 'age_group_encoded', 'title_categorical_encoded', 'sex_encoded', 'multiple_cabins', 'fare_per_person_binned']",0.8378607809847198,0.816793893129771,,
"Voting Classifier Soft tuned ['sex_encoded', 'pclass', 'deck_encoded', 'title_categorical_encoded', 'multiple_cabins', 'family_size', 'sibsp', 'parch']",0.8293718166383701,0.7786259541984732,,
"Voting Classifier Soft tuned ['sex_encoded', 'pclass', 'deck_encoded', 'title_categorical_encoded', 'multiple_cabins', 'family_size', 'sibsp']",0.8276740237691002,0.7786259541984732,,
"Voting Classifier Hard tuned ['sex_encoded', 'pclass', 'deck_encoded', 'title_categorical_encoded', 'multiple_cabins', 'family_size', 'sibsp', 'parch']",0.8276740237691002,0.7709923664122137,,
"Voting Classifier Hard tuned ['sex_encoded', 'pclass', 'deck_encoded', 'title_categorical_encoded', 'multiple_cabins', 'family_size', 'sibsp']",0.8268251273344652,0.7786259541984732,,
"Voting Classifier Soft tuned ['sex_encoded', 'pclass', 'deck_encoded', 'title_categorical_encoded', 'multiple_cabins', 'family_size']",0.8234295415959253,0.8015267175572519,,
"Voting Classifier Hard tuned ['sex_encoded', 'pclass', 'deck_encoded', 'title_categorical_encoded', 'multiple_cabins', 'family_size']",0.8225806451612904,0.7938931297709924,,
"Voting Classifier Hard tuned ['family_size', 'is_alone', 'deck_encoded', 'age_group_encoded', 'title_categorical_encoded', 'sex_encoded', 'multiple_cabins', 'fare_per_person_binned']",0.8191850594227504,0.8015267175572519,,
"Random Forest Classifier tuned ['sex_encoded', 'pclass', 'deck_encoded', 'title_categorical_encoded', 'multiple_cabins', 'family_size', 'sibsp', 'parch']",0.8173837461973055,0.7786259541984732,,"RandomForestClassifier(max_depth=71, max_features=0.6099966577826209,
                       min_samples_leaf=8, min_samples_split=16,
                       n_estimators=44, random_state=42)"
"Random Forest Classifier tuned ['sex_encoded', 'pclass', 'deck_encoded', 'title_categorical_encoded', 'multiple_cabins', 'family_size', 'sibsp']",0.8165435317977691,0.7862595419847328,,"RandomForestClassifier(max_depth=64, max_features=0.4667628932479799,
                       min_samples_leaf=5, min_samples_split=8, n_estimators=30,
                       random_state=42)"
"SVM Classifier tuned ['sex_encoded', 'pclass', 'deck_encoded', 'title_categorical_encoded', 'multiple_cabins', 'family_size']",0.8165218021150225,0.7938931297709924,,"SVC(C=3.745401188473625, probability=True, random_state=42)"
"XGBoost Classifier tuned ['pclass', 'fare_per_person', 'title_categorical_encoded', 'sex_encoded', 'embarked_encoded']",0.8157395335361437,0.7709923664122137,,"XGBClassifier(learning_rate=0.38246199126716274, max_depth=64, n_estimators=514,
              random_state=42)"
"LightGBM Classifier tuned ['pclass', 'fare_per_person', 'title_categorical_encoded', 'sex_encoded', 'embarked_encoded']",0.8157395335361437,0.7709923664122137,,"LGBMClassifier(learning_rate=0.18182496720710062, max_depth=21,
               n_estimators=170, random_state=42, verbosity=0)"
"Decision Tree Classifier tuned ['sex_encoded', 'pclass', 'deck_encoded', 'title_categorical_encoded', 'multiple_cabins', 'family_size']",0.8157033173982328,0.7709923664122137,,"DecisionTreeClassifier(max_depth=88, min_samples_leaf=12, min_samples_split=7,
                       random_state=42)"
"Decision Tree Classifier tuned ['sex_encoded', 'pclass', 'deck_encoded', 'title_categorical_encoded', 'multiple_cabins', 'family_size', 'sibsp', 'parch']",0.8156960741706504,0.7709923664122137,,"DecisionTreeClassifier(max_depth=89, min_samples_leaf=14, min_samples_split=19,
                       random_state=42)"
"Decision Tree Classifier tuned ['sex_encoded', 'pclass', 'deck_encoded', 'title_categorical_encoded', 'multiple_cabins', 'family_size', 'sibsp']",0.8156888309430682,0.7786259541984732,,"DecisionTreeClassifier(max_depth=89, min_samples_leaf=14, min_samples_split=19,
                       random_state=42)"
"Random Forest Classifier tuned ['sex_encoded', 'pclass', 'deck_encoded', 'title_categorical_encoded', 'multiple_cabins', 'family_size']",0.815681587715486,0.7862595419847328,,"RandomForestClassifier(max_depth=71, max_features=0.6099966577826209,
                       min_samples_leaf=8, min_samples_split=16,
                       n_estimators=44, random_state=42)"
"SVM Classifier tuned ['sex_encoded', 'pclass', 'deck_encoded', 'title_categorical_encoded', 'multiple_cabins', 'family_size', 'sibsp', 'parch']",0.815681587715486,0.7938931297709924,,"SVC(C=5.986584841970366, probability=True, random_state=42)"
"SVM Classifier tuned ['sex_encoded', 'pclass', 'deck_encoded', 'title_categorical_encoded', 'multiple_cabins', 'family_size', 'sibsp']",0.8156743444879039,0.7938931297709924,,"SVC(C=3.745401188473625, probability=True, random_state=42)"
"Random Forest Classifier tuned ['pclass', 'family_size', 'deck_encoded', 'age_group_encoded', 'title_categorical_encoded', 'sex_encoded', 'fare', 'fare_per_person_scaled']",0.8148413733159495,0.7709923664122137,,"RandomForestClassifier(max_depth=78, max_features=0.3910606075732408,
                       min_samples_leaf=18, min_samples_split=9,
                       n_estimators=397, random_state=42)"
"Random Forest Classifier tuned ['pclass', 'fare_per_person', 'title_categorical_encoded', 'sex_encoded', 'embarked_encoded']",0.8140011589164132,0.7786259541984732,,"RandomForestClassifier(max_depth=64, max_features=0.9922115592912175,
                       min_samples_split=13, n_estimators=323, random_state=42)"
"SVM Classifier tuned ['pclass', 'parch', 'family_size', 'is_alone', 'age_group_encoded', 'sex_encoded', 'embarked_encoded', 'fare_per_person_binned']",0.8139939156888311,0.8091603053435115,,"SVC(C=0.5641157902710026, gamma='auto', probability=True, random_state=42)"
"SVM Classifier tuned ['family_size', 'is_alone', 'deck_encoded', 'age_group_encoded', 'title_categorical_encoded', 'sex_encoded', 'multiple_cabins', 'fare_per_person_binned']",0.8131319716065478,0.8015267175572519,,"SVC(C=1.834347898661638, gamma='auto', probability=True, random_state=42)"
"XGBoost Classifier tuned ['sibsp', 'family_size', 'is_alone', 'deck_encoded', 'age_group_encoded', 'title_categorical_encoded', 'multiple_cabins', 'fare_per_person_binned']",0.8131319716065478,0.8015267175572519,,"XGBClassifier(learning_rate=0.020584494295802447, max_depth=2, n_estimators=353,
              random_state=42)"
"Random Forest Classifier tuned ['pclass', 'parch', 'family_size', 'is_alone', 'age_group_encoded', 'title_categorical_encoded', 'sex_encoded', 'fare', 'fare_per_person_scaled']",0.8131247283789657,0.7557251908396947,,"RandomForestClassifier(max_depth=88, max_features=0.33370861113902184,
                       min_samples_leaf=8, min_samples_split=4,
                       n_estimators=671, random_state=42)"
"LightGBM Classifier tuned ['pclass', 'sibsp', 'parch', 'fare_per_person', 'deck_encoded', 'age_group_encoded', 'sex_encoded', 'embarked_encoded', 'fare_per_person_binned', 'fare', 'fare_per_person_scaled']",0.8123279733449225,0.7862595419847328,,"LGBMClassifier(learning_rate=0.020584494295802447, max_depth=2,
               n_estimators=353, random_state=42, verbosity=0)"
"Decision Tree Classifier tuned ['pclass', 'fare_per_person', 'title_categorical_encoded', 'sex_encoded', 'embarked_encoded']",0.8123062436621759,0.7633587786259542,,"DecisionTreeClassifier(max_depth=9, min_samples_leaf=2, min_samples_split=16,
                       random_state=42)"
"LightGBM Classifier tuned ['sex_encoded', 'pclass', 'deck_encoded', 'title_categorical_encoded', 'multiple_cabins', 'family_size', 'sibsp', 'parch']",0.8122917572070115,0.7633587786259542,,"LGBMClassifier(learning_rate=0.020584494295802447, max_depth=2,
               n_estimators=353, random_state=42, verbosity=0)"
"XGBoost Classifier tuned ['family_size', 'is_alone', 'deck_encoded', 'age_group_encoded', 'title_categorical_encoded', 'sex_encoded', 'multiple_cabins', 'fare_per_person_binned']",0.8122845139794291,0.8015267175572519,,"XGBClassifier(learning_rate=0.020584494295802447, max_depth=2, n_estimators=353,
              random_state=42)"
"Random Forest Classifier tuned ['family_size', 'is_alone', 'deck_encoded', 'age_group_encoded', 'title_categorical_encoded', 'sex_encoded', 'multiple_cabins', 'fare_per_person_binned']",0.812277270751847,0.7938931297709924,,"RandomForestClassifier(max_depth=9, max_features=0.015966252220214194,
                       min_samples_leaf=2, min_samples_split=16,
                       n_estimators=965, random_state=42)"
"Random Forest Classifier tuned ['pclass', 'parch', 'family_size', 'is_alone', 'age_group_encoded', 'sex_encoded', 'embarked_encoded', 'fare_per_person_binned']",0.8114877589453862,0.7786259541984732,,"RandomForestClassifier(max_depth=82, max_features=0.5396921323890798,
                       min_samples_leaf=13, min_samples_split=10,
                       n_estimators=166, random_state=42)"
"LightGBM Classifier tuned ['pclass', 'sibsp', 'parch', 'family_size', 'fare_per_person', 'is_alone', 'deck_encoded', 'age_group_encoded', 'title_categorical_encoded', 'sex_encoded', 'embarked_encoded', 'deck_encoded_no_missing', 'multiple_cabins', 'fare_per_person_binned', 'fare', 'fare_per_person_scaled']",0.8114442995798928,0.7938931297709924,,"LGBMClassifier(learning_rate=0.020584494295802447, max_depth=2,
               n_estimators=353, random_state=42, verbosity=0)"
"XGBoost Classifier tuned ['pclass', 'parch', 'family_size', 'is_alone', 'age_group_encoded', 'title_categorical_encoded', 'sex_encoded', 'fare', 'fare_per_person_scaled']",0.8114442995798928,0.7938931297709924,,"XGBClassifier(learning_rate=0.020584494295802447, max_depth=2, n_estimators=353,
              random_state=42)"
"LightGBM Classifier tuned ['family_size', 'is_alone', 'deck_encoded', 'age_group_encoded', 'title_categorical_encoded', 'sex_encoded', 'multiple_cabins', 'fare_per_person_binned']",0.8114370563523107,0.8015267175572519,,"LGBMClassifier(learning_rate=0.020584494295802447, max_depth=2,
               n_estimators=353, random_state=42, verbosity=0)"
"XGBoost Classifier tuned ['pclass', 'sibsp', 'parch', 'family_size', 'fare_per_person', 'is_alone', 'deck_encoded', 'age_group_encoded', 'title_categorical_encoded', 'sex_encoded', 'embarked_encoded', 'deck_encoded_no_missing', 'multiple_cabins', 'fare_per_person_binned', 'fare', 'fare_per_person_scaled']",0.8106185716355208,0.7938931297709924,,"XGBClassifier(learning_rate=0.020584494295802447, max_depth=2, n_estimators=353,
              random_state=42)"
"XGBoost Classifier tuned ['sex_encoded', 'pclass', 'deck_encoded', 'title_categorical_encoded', 'multiple_cabins', 'family_size', 'sibsp']",0.8105968419527741,0.7938931297709924,,"XGBClassifier(learning_rate=0.020584494295802447, max_depth=2, n_estimators=353,
              random_state=42)"
"Random Forest Classifier tuned ['pclass', 'sibsp', 'parch', 'family_size', 'fare_per_person', 'is_alone', 'age_group_encoded', 'title_categorical_encoded', 'sex_encoded', 'fare', 'fare_per_person_scaled']",0.8105823554976098,0.7557251908396947,,"RandomForestClassifier(max_depth=78, max_features=0.1959828624191452,
                       min_samples_leaf=8, min_samples_split=17,
                       n_estimators=758, random_state=42)"
"XGBoost Classifier tuned ['pclass', 'sibsp', 'parch', 'fare_per_person', 'deck_encoded', 'age_group_encoded', 'sex_encoded', 'embarked_encoded', 'fare_per_person_binned', 'fare', 'fare_per_person_scaled']",0.8097711140084021,0.7862595419847328,,"XGBClassifier(learning_rate=0.020584494295802447, max_depth=2, n_estimators=353,
              random_state=42)"
"Random Forest Classifier tuned ['pclass', 'sibsp', 'parch', 'family_size', 'fare_per_person', 'is_alone', 'deck_encoded', 'age_group_encoded', 'title_categorical_encoded', 'sex_encoded', 'embarked_encoded', 'deck_encoded_no_missing', 'multiple_cabins', 'fare_per_person_binned', 'fare', 'fare_per_person_scaled']",0.8097638707808199,0.7633587786259542,,"RandomForestClassifier(max_depth=78, max_features=0.1959828624191452,
                       min_samples_leaf=8, min_samples_split=17,
                       n_estimators=758, random_state=42)"
"LightGBM Classifier tuned ['pclass', 'sibsp', 'parch', 'family_size', 'fare_per_person', 'is_alone', 'age_group_encoded', 'title_categorical_encoded', 'sex_encoded', 'fare', 'fare_per_person_scaled']",0.8097493843256555,0.7938931297709924,,"LGBMClassifier(learning_rate=0.020584494295802447, max_depth=2,
               n_estimators=353, random_state=42, verbosity=0)"
"XGBoost Classifier tuned ['sex_encoded', 'pclass', 'deck_encoded', 'title_categorical_encoded', 'multiple_cabins', 'family_size']",0.8097493843256555,0.8015267175572519,,"XGBClassifier(learning_rate=0.020584494295802447, max_depth=2, n_estimators=353,
              random_state=42)"
"LightGBM Classifier tuned ['sex_encoded', 'pclass', 'deck_encoded', 'title_categorical_encoded', 'multiple_cabins', 'family_size']",0.8097493843256555,0.7938931297709924,,"LGBMClassifier(learning_rate=0.020584494295802447, max_depth=2,
               n_estimators=353, random_state=42, verbosity=0)"
"XGBoost Classifier tuned ['sex_encoded', 'pclass', 'deck_encoded', 'title_categorical_encoded', 'multiple_cabins', 'family_size', 'sibsp', 'parch']",0.8097493843256555,0.7938931297709924,,"XGBClassifier(learning_rate=0.020584494295802447, max_depth=2, n_estimators=353,
              random_state=42)"
"XGBoost Classifier tuned ['pclass', 'sibsp', 'parch', 'family_size', 'fare_per_person', 'is_alone', 'age_group_encoded', 'title_categorical_encoded', 'sex_encoded', 'fare', 'fare_per_person_scaled']",0.8097421410980733,0.7862595419847328,,"XGBClassifier(learning_rate=0.020584494295802447, max_depth=2, n_estimators=353,
              random_state=42)"
"LightGBM Classifier tuned ['sex_encoded', 'pclass', 'deck_encoded', 'title_categorical_encoded', 'multiple_cabins', 'family_size', 'sibsp', 'parch', 'fare_per_person']",0.8089164131537012,0.7786259541984732,,"LGBMClassifier(learning_rate=0.020584494295802447, max_depth=2,
               n_estimators=353, random_state=42, verbosity=0)"
"Random Forest Classifier tuned ['pclass', 'sibsp', 'parch', 'fare_per_person', 'deck_encoded', 'age_group_encoded', 'sex_encoded', 'embarked_encoded', 'fare_per_person_binned', 'fare', 'fare_per_person_scaled']",0.8089019266985369,0.7633587786259542,,"RandomForestClassifier(max_depth=88, max_features=0.33370861113902184,
                       min_samples_leaf=8, min_samples_split=4,
                       n_estimators=671, random_state=42)"
XGBoost Classifier basic,0.8089019266985368,0.7786259541984732,,
"LightGBM Classifier tuned ['pclass', 'parch', 'family_size', 'is_alone', 'age_group_encoded', 'title_categorical_encoded', 'sex_encoded', 'fare', 'fare_per_person_scaled']",0.8089019266985368,0.7938931297709924,,"LGBMClassifier(learning_rate=0.020584494295802447, max_depth=2,
               n_estimators=353, random_state=42, verbosity=0)"
"Decision Tree Classifier tuned ['pclass', 'family_size', 'deck_encoded', 'age_group_encoded', 'title_categorical_encoded', 'sex_encoded', 'fare', 'fare_per_person_scaled']",0.8080906852093293,0.7786259541984732,,"DecisionTreeClassifier(max_depth=91, min_samples_leaf=10, min_samples_split=17,
                       random_state=42)"
"LightGBM Classifier tuned ['pclass', 'family_size', 'deck_encoded', 'age_group_encoded', 'title_categorical_encoded', 'sex_encoded', 'fare', 'fare_per_person_scaled']",0.8080761987541649,0.7862595419847328,,"LGBMClassifier(learning_rate=0.020584494295802447, max_depth=2,
               n_estimators=353, random_state=42, verbosity=0)"
"XGBoost Classifier tuned ['sex_encoded', 'pclass', 'deck_encoded', 'title_categorical_encoded', 'multiple_cabins', 'family_size', 'sibsp', 'parch', 'fare_per_person']",0.8080544690714182,0.7938931297709924,,"XGBClassifier(learning_rate=0.020584494295802447, max_depth=2, n_estimators=353,
              random_state=42)"
"Random Forest Classifier tuned ['pclass', 'parch', 'fare_per_person', 'deck_encoded', 'age_group_encoded', 'title_categorical_encoded', 'sex_encoded', 'fare_per_person_binned', 'fare', 'fare_per_person_scaled']",0.8080399826162538,0.7938931297709924,,"RandomForestClassifier(max_depth=64, max_features=0.9922115592912175,
                       min_samples_split=13, n_estimators=323, random_state=42)"
"Decision Tree Classifier tuned ['pclass', 'parch', 'family_size', 'is_alone', 'age_group_encoded', 'sex_encoded', 'embarked_encoded', 'fare_per_person_binned']",0.8072287411270462,0.7633587786259542,,"DecisionTreeClassifier(max_depth=75, min_samples_leaf=4, min_samples_split=9,
                       random_state=42)"
LightGBM Classifier basic,0.8072214978994641,0.7862595419847328,,
"XGBoost Classifier tuned ['pclass', 'parch', 'fare_per_person', 'deck_encoded', 'age_group_encoded', 'title_categorical_encoded', 'sex_encoded', 'fare_per_person_binned', 'fare', 'fare_per_person_scaled']",0.8072214978994641,0.7633587786259542,,"XGBClassifier(learning_rate=0.09767211400638387, max_depth=84, n_estimators=101,
              random_state=42)"
"LightGBM Classifier tuned ['pclass', 'parch', 'family_size', 'is_alone', 'age_group_encoded', 'sex_encoded', 'embarked_encoded', 'fare_per_person_binned']",0.8072214978994641,0.7480916030534351,,"LGBMClassifier(learning_rate=0.020584494295802447, max_depth=2,
               n_estimators=353, random_state=42, verbosity=0)"
"XGBoost Classifier tuned ['sex_encoded', 'pclass', 'deck_encoded', 'title_categorical_encoded', 'multiple_cabins', 'family_size', 'sibsp', 'parch', 'fare_per_person', 'fare']",0.8072142546718817,0.7938931297709924,,"XGBClassifier(learning_rate=0.020584494295802447, max_depth=2, n_estimators=353,
              random_state=42)"
"LightGBM Classifier tuned ['sex_encoded', 'pclass', 'deck_encoded', 'title_categorical_encoded', 'multiple_cabins', 'family_size', 'sibsp', 'parch', 'fare_per_person', 'fare']",0.8071997682167174,0.7786259541984732,,"LGBMClassifier(learning_rate=0.020584494295802447, max_depth=2,
               n_estimators=353, random_state=42, verbosity=0)"
"XGBoost Classifier tuned ['pclass', 'family_size', 'deck_encoded', 'age_group_encoded', 'title_categorical_encoded', 'sex_encoded', 'fare', 'fare_per_person_scaled']",0.8063740402723454,0.7862595419847328,,"XGBClassifier(learning_rate=0.020584494295802447, max_depth=2, n_estimators=353,
              random_state=42)"
"Decision Tree Classifier tuned ['family_size', 'is_alone', 'deck_encoded', 'age_group_encoded', 'title_categorical_encoded', 'sex_encoded', 'multiple_cabins', 'fare_per_person_binned']",0.8063667970447632,0.7938931297709924,,"DecisionTreeClassifier(max_depth=4, min_samples_leaf=18, min_samples_split=13,
                       random_state=42)"
"Voting Classifier Soft tuned ['sex_encoded', 'pclass', 'deck_encoded', 'title_categorical_encoded', 'multiple_cabins']",0.8056027164685908,0.7862595419847328,,
"LightGBM Classifier tuned ['family_size', 'fare_per_person', 'is_alone', 'age_group_encoded', 'sex_encoded', 'embarked_encoded', 'fare_per_person_scaled']",0.8055265826452267,0.8015267175572519,,"LGBMClassifier(learning_rate=0.020584494295802447, max_depth=2,
               n_estimators=353, random_state=42, verbosity=0)"
"LightGBM Classifier tuned ['sex_encoded', 'pclass', 'deck_encoded', 'title_categorical_encoded', 'multiple_cabins', 'family_size', 'sibsp']",0.8055120961900624,0.7938931297709924,,"LGBMClassifier(learning_rate=0.020584494295802447, max_depth=2,
               n_estimators=353, random_state=42, verbosity=0)"
"XGBoost Classifier tuned ['pclass', 'parch', 'family_size', 'is_alone', 'age_group_encoded', 'sex_encoded', 'embarked_encoded', 'fare_per_person_binned']",0.80550485296248,0.7862595419847328,,"XGBClassifier(learning_rate=0.020584494295802447, max_depth=2, n_estimators=353,
              random_state=42)"
"Random Forest Classifier tuned ['sex_encoded', 'pclass', 'deck_encoded', 'title_categorical_encoded', 'multiple_cabins', 'family_size', 'sibsp', 'parch', 'fare_per_person', 'fare']",0.8046718817905258,0.7709923664122137,,"RandomForestClassifier(max_depth=53, max_features=0.9699098521619943,
                       min_samples_leaf=12, min_samples_split=7,
                       n_estimators=395, random_state=42)"
"Random Forest Classifier tuned ['sex_encoded', 'pclass', 'deck_encoded', 'title_categorical_encoded', 'multiple_cabins', 'family_size', 'sibsp', 'parch', 'fare_per_person']",0.8046646385629437,0.7709923664122137,,"RandomForestClassifier(max_depth=88, max_features=0.33370861113902184,
                       min_samples_leaf=8, min_samples_split=4,
                       n_estimators=671, random_state=42)"
"Decision Tree Classifier tuned ['family_size', 'fare_per_person', 'is_alone', 'age_group_encoded', 'sex_encoded', 'embarked_encoded', 'fare_per_person_scaled']",0.8046573953353615,0.7709923664122137,,"DecisionTreeClassifier(max_depth=4, min_samples_leaf=18, min_samples_split=13,
                       random_state=42)"
"XGBoost Classifier tuned ['family_size', 'fare_per_person', 'is_alone', 'age_group_encoded', 'sex_encoded', 'embarked_encoded', 'fare_per_person_scaled']",0.8046501521077791,0.8015267175572519,,"XGBClassifier(learning_rate=0.020584494295802447, max_depth=2, n_estimators=353,
              random_state=42)"
"KNN Classifier tuned ['sex_encoded', 'pclass', 'deck_encoded', 'title_categorical_encoded', 'multiple_cabins', 'family_size']",0.8046356656526148,0.7709923664122137,,KNeighborsClassifier(n_neighbors=8)
Voting Classifier Hard basic,0.8038316673909895,0.7480916030534351,,
"Decision Tree Classifier tuned ['pclass', 'parch', 'family_size', 'is_alone', 'age_group_encoded', 'title_categorical_encoded', 'sex_encoded', 'fare', 'fare_per_person_scaled']",0.8038316673909895,0.7862595419847328,,"DecisionTreeClassifier(max_depth=52, min_samples_leaf=15, min_samples_split=12,
                       random_state=42)"
"LightGBM Classifier tuned ['pclass', 'parch', 'fare_per_person', 'deck_encoded', 'age_group_encoded', 'title_categorical_encoded', 'sex_encoded', 'fare_per_person_binned', 'fare', 'fare_per_person_scaled']",0.803817180935825,0.7786259541984732,,"LGBMClassifier(learning_rate=0.09767211400638387, max_depth=84,
               n_estimators=101, random_state=42, verbosity=0)"
"KNN Classifier tuned ['sex_encoded', 'pclass', 'deck_encoded', 'title_categorical_encoded', 'multiple_cabins', 'family_size', 'sibsp']",0.803817180935825,0.7709923664122137,,KNeighborsClassifier(n_neighbors=16)
"LightGBM Classifier tuned ['sibsp', 'family_size', 'is_alone', 'deck_encoded', 'age_group_encoded', 'title_categorical_encoded', 'multiple_cabins', 'fare_per_person_binned']",0.8037954512530783,0.8015267175572519,,"LGBMClassifier(learning_rate=0.020584494295802447, max_depth=2,
               n_estimators=353, random_state=42, verbosity=0)"
"Random Forest Classifier tuned ['family_size', 'fare_per_person', 'is_alone', 'age_group_encoded', 'sex_encoded', 'embarked_encoded', 'fare_per_person_scaled']",0.8037809647979139,0.7786259541984732,,"RandomForestClassifier(max_depth=52, max_features=0.9507143064099162,
                       min_samples_leaf=11, min_samples_split=9,
                       n_estimators=710, random_state=42)"
"Decision Tree Classifier tuned ['pclass', 'sibsp', 'parch', 'family_size', 'fare_per_person', 'is_alone', 'age_group_encoded', 'title_categorical_encoded', 'sex_encoded', 'fare', 'fare_per_person_scaled']",0.8029769665362887,0.7862595419847328,,"DecisionTreeClassifier(max_depth=88, min_samples_leaf=12, min_samples_split=7,
                       random_state=42)"
"Random Forest Classifier tuned ['sibsp', 'family_size', 'is_alone', 'deck_encoded', 'age_group_encoded', 'title_categorical_encoded', 'multiple_cabins', 'fare_per_person_binned']",0.8021439953643343,0.7633587786259542,,"RandomForestClassifier(max_depth=64, max_features=0.9922115592912175,
                       min_samples_split=13, n_estimators=323, random_state=42)"
"Decision Tree Classifier tuned ['sex_encoded', 'pclass', 'deck_encoded', 'title_categorical_encoded', 'multiple_cabins', 'family_size', 'sibsp', 'parch', 'fare_per_person', 'fare']",0.80212950890917,0.7786259541984732,,"DecisionTreeClassifier(max_depth=91, min_samples_leaf=10, min_samples_split=17,
                       random_state=42)"
"Decision Tree Classifier tuned ['pclass', 'parch', 'fare_per_person', 'deck_encoded', 'age_group_encoded', 'title_categorical_encoded', 'sex_encoded', 'fare_per_person_binned', 'fare', 'fare_per_person_scaled']",0.8013037809647979,0.7862595419847328,,"DecisionTreeClassifier(max_depth=91, min_samples_leaf=10, min_samples_split=17,
                       random_state=42)"
"Decision Tree Classifier tuned ['sex_encoded', 'pclass', 'deck_encoded', 'title_categorical_encoded', 'multiple_cabins', 'family_size', 'sibsp', 'parch', 'fare_per_person']",0.8012892945096336,0.7709923664122137,,"DecisionTreeClassifier(max_depth=39, min_samples_leaf=18, min_samples_split=5,
                       random_state=42)"
"Voting Classifier Hard tuned ['sex_encoded', 'pclass', 'deck_encoded', 'title_categorical_encoded', 'multiple_cabins']",0.799660441426146,0.7633587786259542,,
"KNN Classifier tuned ['family_size', 'is_alone', 'deck_encoded', 'age_group_encoded', 'title_categorical_encoded', 'sex_encoded', 'multiple_cabins', 'fare_per_person_binned']",0.7987686513110243,0.7862595419847328,,"KNeighborsClassifier(n_neighbors=6, weights='distance')"
Voting Classifier Soft basic,0.7987324351731131,0.7404580152671756,,
"Decision Tree Classifier tuned ['pclass', 'sibsp', 'parch', 'fare_per_person', 'deck_encoded', 'age_group_encoded', 'sex_encoded', 'embarked_encoded', 'fare_per_person_binned', 'fare', 'fare_per_person_scaled']",0.7987324351731131,0.7480916030534351,,"DecisionTreeClassifier(max_depth=75, min_samples_leaf=4, min_samples_split=9,
                       random_state=42)"
"Random Forest Classifier tuned ['sex_encoded', 'pclass', 'deck_encoded', 'title_categorical_encoded', 'multiple_cabins']",0.7987251919455309,0.7786259541984732,,"RandomForestClassifier(max_depth=64, max_features=0.4667628932479799,
                       min_samples_leaf=5, min_samples_split=8, n_estimators=30,
                       random_state=42)"
"SVM Classifier tuned ['sex_encoded', 'pclass', 'deck_encoded', 'title_categorical_encoded', 'multiple_cabins']",0.7987179487179488,0.7786259541984732,,"SVC(C=1.3949386065204183, gamma='auto', probability=True, random_state=42)"
"Decision Tree Classifier tuned ['pclass', 'sibsp', 'parch', 'family_size', 'fare_per_person', 'is_alone', 'deck_encoded', 'age_group_encoded', 'title_categorical_encoded', 'sex_encoded', 'embarked_encoded', 'deck_encoded_no_missing', 'multiple_cabins', 'fare_per_person_binned', 'fare', 'fare_per_person_scaled']",0.7970520063740402,0.7786259541984732,,"DecisionTreeClassifier(max_depth=88, min_samples_leaf=12, min_samples_split=7,
                       random_state=42)"
"Logistic Regression Classifier tuned ['pclass', 'parch', 'family_size', 'is_alone', 'age_group_encoded', 'title_categorical_encoded', 'sex_encoded', 'fare', 'fare_per_person_scaled']",0.797044763146458,0.8091603053435115,,"LogisticRegression(C=1.834347898661638, max_iter=1000, random_state=42)"
"Logistic Regression Classifier tuned ['pclass', 'sibsp', 'parch', 'family_size', 'fare_per_person', 'is_alone', 'age_group_encoded', 'title_categorical_encoded', 'sex_encoded', 'fare', 'fare_per_person_scaled']",0.797044763146458,0.8091603053435115,,"LogisticRegression(C=1.834347898661638, max_iter=1000, random_state=42)"
"Decision Tree Classifier tuned ['sibsp', 'family_size', 'is_alone', 'deck_encoded', 'age_group_encoded', 'title_categorical_encoded', 'multiple_cabins', 'fare_per_person_binned']",0.7961900622917572,0.7709923664122137,,"DecisionTreeClassifier(max_depth=50, min_samples_leaf=8, min_samples_split=5,
                       random_state=42)"
Random Forest Classifier basic,0.7953498478922209,0.7557251908396947,,
"KNN Classifier tuned ['sex_encoded', 'pclass', 'deck_encoded', 'title_categorical_encoded', 'multiple_cabins', 'family_size', 'sibsp', 'parch']",0.7953208749818919,0.7709923664122137,,KNeighborsClassifier(n_neighbors=16)
"Logistic Regression Classifier tuned ['pclass', 'sibsp', 'parch', 'family_size', 'fare_per_person', 'is_alone', 'deck_encoded', 'age_group_encoded', 'title_categorical_encoded', 'sex_encoded', 'embarked_encoded', 'deck_encoded_no_missing', 'multiple_cabins', 'fare_per_person_binned', 'fare', 'fare_per_person_scaled']",0.7945168767202666,0.7786259541984732,,"LogisticRegression(C=0.5808361216819946, max_iter=1000, random_state=42)"
Logistic Regression Classifier basic,0.7936694190931479,0.7862595419847328,,
"Logistic Regression Classifier tuned ['sex_encoded', 'pclass', 'deck_encoded', 'title_categorical_encoded', 'multiple_cabins', 'family_size', 'sibsp', 'parch']",0.792778502100536,0.7786259541984732,,"LogisticRegression(C=0.5641157902710026, max_iter=1000, random_state=42)"
"Logistic Regression Classifier tuned ['pclass', 'parch', 'family_size', 'is_alone', 'age_group_encoded', 'sex_encoded', 'embarked_encoded', 'fare_per_person_binned']",0.7919817470664928,0.7938931297709924,,"LogisticRegression(C=0.5808361216819946, max_iter=1000, random_state=42)"
"KNN Classifier tuned ['pclass', 'parch', 'family_size', 'is_alone', 'age_group_encoded', 'sex_encoded', 'embarked_encoded', 'fare_per_person_binned']",0.7919672606113284,0.7480916030534351,,"KNeighborsClassifier(n_neighbors=7, weights='distance')"
"Logistic Regression Classifier tuned ['sex_encoded', 'pclass', 'deck_encoded', 'title_categorical_encoded', 'multiple_cabins', 'family_size', 'sibsp', 'parch', 'fare_per_person']",0.7919310444734174,0.7786259541984732,,"LogisticRegression(C=0.5808361216819946, max_iter=1000, random_state=42)"
"Logistic Regression Classifier tuned ['sex_encoded', 'pclass', 'deck_encoded', 'title_categorical_encoded', 'multiple_cabins', 'family_size', 'sibsp']",0.7919238012458352,0.7786259541984732,,"LogisticRegression(C=1.834347898661638, max_iter=1000, random_state=42)"
"Logistic Regression Classifier tuned ['sex_encoded', 'pclass', 'deck_encoded', 'title_categorical_encoded', 'multiple_cabins', 'family_size', 'sibsp', 'parch', 'fare_per_person', 'fare']",0.7902288859915979,0.7786259541984732,,"LogisticRegression(C=1.834347898661638, max_iter=1000, random_state=42)"
"Logistic Regression Classifier tuned ['pclass', 'fare_per_person', 'title_categorical_encoded', 'sex_encoded', 'embarked_encoded']",0.7894176445023903,0.7709923664122137,,"LogisticRegression(C=1.834347898661638, max_iter=1000, random_state=42)"
"KNN Classifier tuned ['sex_encoded', 'pclass', 'deck_encoded', 'title_categorical_encoded', 'multiple_cabins']",0.788548457192525,0.7938931297709924,,"KNeighborsClassifier(n_neighbors=10, weights='distance')"
"Logistic Regression Classifier tuned ['pclass', 'sibsp', 'parch', 'fare_per_person', 'deck_encoded', 'age_group_encoded', 'sex_encoded', 'embarked_encoded', 'fare_per_person_binned', 'fare', 'fare_per_person_scaled']",0.7876792698826597,0.7709923664122137,,"LogisticRegression(C=8.324426408004218, max_iter=1000, random_state=42)"
"Decision Tree Classifier tuned ['sex_encoded', 'pclass', 'deck_encoded', 'title_categorical_encoded', 'multiple_cabins']",0.7851586266840505,0.7633587786259542,,"DecisionTreeClassifier(max_depth=88, min_samples_leaf=12, min_samples_split=7,
                       random_state=42)"
"Logistic Regression Classifier tuned ['sex_encoded', 'pclass', 'deck_encoded', 'title_categorical_encoded', 'multiple_cabins', 'family_size']",0.7851368970013037,0.7862595419847328,,"LogisticRegression(C=0.5808361216819946, max_iter=1000, random_state=42)"
"LightGBM Classifier tuned ['sex_encoded', 'pclass', 'deck_encoded', 'title_categorical_encoded', 'multiple_cabins']",0.7826234970302768,0.7709923664122137,,"LGBMClassifier(learning_rate=0.09767211400638387, max_depth=84,
               n_estimators=101, random_state=42, verbosity=0)"
"Logistic Regression Classifier tuned ['family_size', 'fare_per_person', 'is_alone', 'age_group_encoded', 'sex_encoded', 'embarked_encoded', 'fare_per_person_scaled']",0.7825800376647835,0.7938931297709924,,"LogisticRegression(C=0.5808361216819946, max_iter=1000, random_state=42)"
"XGBoost Classifier tuned ['sex_encoded', 'pclass', 'deck_encoded', 'title_categorical_encoded', 'multiple_cabins']",0.7817760394031581,0.7862595419847328,,"XGBClassifier(learning_rate=0.9737555188414592, max_depth=15, n_estimators=199,
              random_state=42)"
"Logistic Regression Classifier tuned ['family_size', 'is_alone', 'deck_encoded', 'age_group_encoded', 'title_categorical_encoded', 'sex_encoded', 'multiple_cabins', 'fare_per_person_binned']",0.7817180935825003,0.8015267175572519,,"LogisticRegression(C=1.834347898661638, max_iter=1000, random_state=42)"
"KNN Classifier tuned ['sibsp', 'family_size', 'is_alone', 'deck_encoded', 'age_group_encoded', 'title_categorical_encoded', 'multiple_cabins', 'fare_per_person_binned']",0.7792626394321309,0.7404580152671756,,"KNeighborsClassifier(n_neighbors=6, weights='distance')"
"SVM Classifier tuned ['sibsp', 'family_size', 'is_alone', 'deck_encoded', 'age_group_encoded', 'title_categorical_encoded', 'multiple_cabins', 'fare_per_person_binned']",0.7775387512675648,0.7251908396946565,,"SVC(C=8.324426408004218, gamma='auto', probability=True, random_state=42)"
"SVM Classifier tuned ['family_size', 'fare_per_person', 'is_alone', 'age_group_encoded', 'sex_encoded', 'embarked_encoded', 'fare_per_person_scaled']",0.7749456757931334,0.8244274809160306,,"SVC(C=1.834347898661638, gamma='auto', probability=True, random_state=42)"
"Logistic Regression Classifier tuned ['pclass', 'parch', 'fare_per_person', 'deck_encoded', 'age_group_encoded', 'title_categorical_encoded', 'sex_encoded', 'fare_per_person_binned', 'fare', 'fare_per_person_scaled']",0.7732362740837317,0.7709923664122137,,"LogisticRegression(C=3.337086111390218, max_iter=1000, random_state=42)"
"Logistic Regression Classifier tuned ['pclass', 'family_size', 'deck_encoded', 'age_group_encoded', 'title_categorical_encoded', 'sex_encoded', 'fare', 'fare_per_person_scaled']",0.7732290308561496,0.7862595419847328,,"LogisticRegression(C=3.337086111390218, max_iter=1000, random_state=42)"
Decision Tree Classifier basic,0.7724322758221064,0.7480916030534351,,
"Logistic Regression Classifier tuned ['sex_encoded', 'pclass', 'deck_encoded', 'title_categorical_encoded', 'multiple_cabins']",0.7723815732290309,0.7709923664122137,,"LogisticRegression(C=0.5808361216819946, max_iter=1000, random_state=42)"
"SVM Classifier tuned ['pclass', 'fare_per_person', 'title_categorical_encoded', 'sex_encoded', 'embarked_encoded']",0.7715848181949878,0.7557251908396947,,"SVC(C=7.080725777960454, gamma='auto', probability=True, random_state=42)"
"KNN Classifier tuned ['pclass', 'fare_per_person', 'title_categorical_encoded', 'sex_encoded', 'embarked_encoded']",0.7707518470230335,0.8015267175572519,,"KNeighborsClassifier(n_neighbors=7, weights='distance')"
"SVM Classifier tuned ['sex_encoded', 'pclass', 'deck_encoded', 'title_categorical_encoded', 'multiple_cabins', 'family_size', 'sibsp', 'parch', 'fare_per_person']",0.7698681732580038,0.7633587786259542,,"SVC(C=1.834347898661638, gamma='auto', probability=True, random_state=42)"
"KNN Classifier tuned ['sex_encoded', 'pclass', 'deck_encoded', 'title_categorical_encoded', 'multiple_cabins', 'family_size', 'sibsp', 'parch', 'fare_per_person']",0.749550919889903,0.7175572519083969,,"KNeighborsClassifier(n_neighbors=7, weights='distance')"
"SVM Classifier tuned ['pclass', 'sibsp', 'parch', 'fare_per_person', 'deck_encoded', 'age_group_encoded', 'sex_encoded', 'embarked_encoded', 'fare_per_person_binned', 'fare', 'fare_per_person_scaled']",0.7486744893524555,0.7022900763358778,,"SVC(C=8.324426408004218, gamma='auto', probability=True, random_state=42)"
"SVM Classifier tuned ['pclass', 'parch', 'family_size', 'is_alone', 'age_group_encoded', 'title_categorical_encoded', 'sex_encoded', 'fare', 'fare_per_person_scaled']",0.747834274952919,0.7404580152671756,,"SVC(C=7.080725777960454, gamma='auto', probability=True, random_state=42)"
"SVM Classifier tuned ['sex_encoded', 'pclass', 'deck_encoded', 'title_categorical_encoded', 'multiple_cabins', 'family_size', 'sibsp', 'parch', 'fare_per_person', 'fare']",0.7452484427060698,0.6870229007633588,,"SVC(C=6.183860093330873, gamma='auto', probability=True, random_state=42)"
"KNN Classifier tuned ['family_size', 'fare_per_person', 'is_alone', 'age_group_encoded', 'sex_encoded', 'embarked_encoded', 'fare_per_person_scaled']",0.7427060698247139,0.7404580152671756,,"KNeighborsClassifier(n_neighbors=6, weights='distance')"
"SVM Classifier tuned ['pclass', 'sibsp', 'parch', 'family_size', 'fare_per_person', 'is_alone', 'age_group_encoded', 'title_categorical_encoded', 'sex_encoded', 'fare', 'fare_per_person_scaled']",0.7418803418803419,0.732824427480916,,"SVC(C=7.080725777960454, gamma='auto', probability=True, random_state=42)"
"SVM Classifier tuned ['pclass', 'family_size', 'deck_encoded', 'age_group_encoded', 'title_categorical_encoded', 'sex_encoded', 'fare', 'fare_per_person_scaled']",0.7393307257714038,0.7557251908396947,,"SVC(C=8.324426408004218, gamma='auto', probability=True, random_state=42)"
"KNN Classifier tuned ['sex_encoded', 'pclass', 'deck_encoded', 'title_categorical_encoded', 'multiple_cabins', 'family_size', 'sibsp', 'parch', 'fare_per_person', 'fare']",0.7359481384905114,0.7251908396946565,,"KNeighborsClassifier(n_neighbors=12, weights='distance')"
"KNN Classifier tuned ['pclass', 'parch', 'family_size', 'is_alone', 'age_group_encoded', 'title_categorical_encoded', 'sex_encoded', 'fare', 'fare_per_person_scaled']",0.7359481384905113,0.7175572519083969,,KNeighborsClassifier(n_neighbors=3)
"SVM Classifier tuned ['pclass', 'parch', 'fare_per_person', 'deck_encoded', 'age_group_encoded', 'title_categorical_encoded', 'sex_encoded', 'fare_per_person_binned', 'fare', 'fare_per_person_scaled']",0.7351006808633928,0.7099236641221374,,"SVC(C=8.324426408004218, gamma='auto', probability=True, random_state=42)"
"SVM Classifier tuned ['pclass', 'sibsp', 'parch', 'family_size', 'fare_per_person', 'is_alone', 'deck_encoded', 'age_group_encoded', 'title_categorical_encoded', 'sex_encoded', 'embarked_encoded', 'deck_encoded_no_missing', 'multiple_cabins', 'fare_per_person_binned', 'fare', 'fare_per_person_scaled']",0.7342532232362741,0.6870229007633588,,"SVC(C=8.324426408004218, gamma='auto', probability=True, random_state=42)"
"KNN Classifier tuned ['pclass', 'family_size', 'deck_encoded', 'age_group_encoded', 'title_categorical_encoded', 'sex_encoded', 'fare', 'fare_per_person_scaled']",0.7325655512096191,0.6946564885496184,,KNeighborsClassifier(n_neighbors=3)
"KNN Classifier tuned ['pclass', 'sibsp', 'parch', 'family_size', 'fare_per_person', 'is_alone', 'age_group_encoded', 'title_categorical_encoded', 'sex_encoded', 'fare', 'fare_per_person_scaled']",0.7316963638997538,0.7251908396946565,,KNeighborsClassifier(n_neighbors=3)
"KNN Classifier tuned ['pclass', 'sibsp', 'parch', 'fare_per_person', 'deck_encoded', 'age_group_encoded', 'sex_encoded', 'embarked_encoded', 'fare_per_person_binned', 'fare', 'fare_per_person_scaled']",0.7299942054179342,0.7022900763358778,,"KNeighborsClassifier(n_neighbors=10, weights='distance')"
"KNN Classifier tuned ['pclass', 'parch', 'fare_per_person', 'deck_encoded', 'age_group_encoded', 'title_categorical_encoded', 'sex_encoded', 'fare_per_person_binned', 'fare', 'fare_per_person_scaled']",0.729986962190352,0.7099236641221374,,"KNeighborsClassifier(n_neighbors=12, weights='distance')"
"KNN Classifier tuned ['pclass', 'sibsp', 'parch', 'family_size', 'fare_per_person', 'is_alone', 'deck_encoded', 'age_group_encoded', 'title_categorical_encoded', 'sex_encoded', 'embarked_encoded', 'deck_encoded_no_missing', 'multiple_cabins', 'fare_per_person_binned', 'fare', 'fare_per_person_scaled']",0.7282775604809503,0.7022900763358778,,"KNeighborsClassifier(n_neighbors=12, weights='distance')"
"Logistic Regression Classifier tuned ['sibsp', 'family_size', 'is_alone', 'deck_encoded', 'age_group_encoded', 'title_categorical_encoded', 'multiple_cabins', 'fare_per_person_binned']",0.7173040706939012,0.6641221374045801,,"LogisticRegression(C=7.080725777960454, max_iter=1000, random_state=42)"
KNN Classifier basic,0.7105244096769521,0.7404580152671756,,
Naive Bayes Classifier basic,0.6995002172968275,0.6717557251908397,,
SVM Classifier basic,0.6748515138345648,0.6641221374045801,,
Random guess,,0.5190839694656488,,
